path,label,bpm,mfccs,chroma_stft,mel_spectogram,amplitude,rms,zcr,spectral_centroid,spectral_bandwidth,spectral_rolloff,spectral_contrast
/content/drive/MyDrive/thesis/audio/A111.mp3,3,123.046875,-2.3001010417938232,0.3459097146987915,4.50584077835083,-23.479286193847656,0.13118994235992432,0.029530588077414113,1309.1287677603614,1805.2566405652406,2303.772822728064,25.001705653739585
/content/drive/MyDrive/thesis/audio/A119.mp3,3,123.046875,-3.367506504058838,0.3516031503677368,1.8778736591339111,-26.677555084228516,0.08000147342681885,0.027051551981778086,1699.3655030657997,2585.3313184967506,3201.579433430536,23.02821792510263
/content/drive/MyDrive/thesis/audio/A120.mp3,3,123.046875,-1.1710516214370728,0.3718152642250061,1.8097434043884277,-27.87598991394043,0.08767159283161163,0.022690116861072425,1067.4502313426915,1521.575856096704,1952.7536206258706,25.75120316955732
/content/drive/MyDrive/thesis/audio/A134.mp3,3,151.99908088235293,-0.018790150061249733,0.437295138835907,7.593334197998047,-24.499069213867188,0.18561652302742004,0.019598122316039926,856.3390356622307,1219.6513315199343,1662.6251985767758,25.385875550876627
/content/drive/MyDrive/thesis/audio/A137.mp3,3,107.666015625,-2.3159561157226562,0.39585888385772705,0.9171083569526672,-32.0270881652832,0.05748558044433594,0.02189852998781337,894.1126361576704,1128.2385254044666,1877.5473592009052,22.618039621591066
/content/drive/MyDrive/thesis/audio/A141.mp3,3,126.04801829268293,0.8746024966239929,0.45988786220550537,5.013647079467773,-21.760019302368164,0.1560104787349701,0.031415253960654595,1561.1627956210289,2257.6533640459,3129.882064436804,22.49014801661127
/content/drive/MyDrive/thesis/audio/A145.mp3,3,101.33272058823529,0.5936950445175171,0.34776270389556885,3.145066261291504,-21.834575653076172,0.119115449488163,0.04038067802634633,1924.1725296055445,2580.8722532745905,3911.765265929666,23.060384546837827
/content/drive/MyDrive/thesis/audio/A001.mp3,3,109.95678191489361,-2.7453815937042236,0.34144067764282227,1.4676721096038818,-25.095834732055664,0.08570011705160141,0.05421486007137883,2042.13409510652,2378.0193399900627,4147.640812695857,24.169618572978134
/content/drive/MyDrive/thesis/audio/A002.mp3,3,135.99917763157896,-2.1562561988830566,0.39359360933303833,2.878232955932617,-22.825538635253906,0.11666885018348694,0.040366623505687094,1900.3587297097927,2335.7683093871215,4055.090026005397,23.953440618179677
/content/drive/MyDrive/thesis/audio/A017.mp3,3,139.6748310810811,-2.815190076828003,0.4030790627002716,1.0512195825576782,-27.007640838623047,0.0698430985212326,0.043667864034825275,1589.2358050707703,1737.2638791455777,3436.056005789253,24.647876181208247
/content/drive/MyDrive/thesis/audio/A021.mp3,3,120.18531976744185,-0.07610611617565155,0.5090551376342773,1.2481770515441895,-24.54391098022461,0.07348180562257767,0.03588209798630455,1735.0886104313536,2325.574958944871,3747.6570660689417,24.570155254223856
/content/drive/MyDrive/thesis/audio/A030.mp3,3,117.45383522727273,-2.569061517715454,0.37622931599617004,1.483553409576416,-27.544422149658203,0.0777171179652214,0.030609159195102136,1378.1260447016894,1751.101658228388,2693.8396995778203,25.68970866818616
/content/drive/MyDrive/thesis/audio/A032.mp3,3,126.04801829268293,-4.362864971160889,0.3033505380153656,0.32488664984703064,-34.26873016357422,0.036564331501722336,0.02714857351149025,1232.56710121616,2032.6711940906303,1799.3420444159124,23.82345272578028
/content/drive/MyDrive/thesis/audio/A058.mp3,3,123.046875,-4.856553554534912,0.33784493803977966,1.6239757537841797,-29.04086685180664,0.0814642682671547,0.03294991694231662,1141.6124769500432,1235.4196472738747,2013.4344669437673,24.281585615826188
/content/drive/MyDrive/thesis/audio/A063.mp3,3,123.046875,-0.8384441137313843,0.47802531719207764,5.0307393074035645,-24.808927536010742,0.14217524230480194,0.020584658991991644,899.5742536956515,1257.515292402407,1693.7253819202647,20.621783216209995
/content/drive/MyDrive/thesis/audio/A066.mp3,3,129.19921875,-2.7507107257843018,0.37540075182914734,2.189861297607422,-26.913793563842773,0.09673914313316345,0.02211954865947075,1213.2200186503555,1901.6632207758419,2237.723670895717,26.544380711323615
/content/drive/MyDrive/thesis/audio/A067.mp3,3,117.45383522727273,0.07442393153905869,0.3956839144229889,3.6533799171447754,-24.897737503051758,0.12369508296251297,0.032146542406569174,1371.823049509835,1843.6624008486497,2636.877679426358,22.668435427798023
/content/drive/MyDrive/thesis/audio/A078.mp3,3,117.45383522727273,-0.4545888900756836,0.38441982865333557,1.794946312904358,-26.400959014892578,0.09256725758314133,0.026762300879178275,1267.5340883464569,1854.7627422992373,2364.503653268628,23.763941724365313
/content/drive/MyDrive/thesis/audio/A088.mp3,3,129.19921875,0.13097324967384338,0.4623381495475769,2.164806365966797,-21.461156845092773,0.09767697006464005,0.03836476105501393,2408.8721883083954,3155.930537655147,5407.563122932625,22.02155323510068
/content/drive/MyDrive/thesis/audio/A098.mp3,3,123.046875,-2.4696643352508545,0.4371394217014313,5.010499000549316,-23.202775955200195,0.15585312247276306,0.0231641169045961,1214.0088164762697,2067.0854724978467,2125.709027898677,23.090566810053122
/content/drive/MyDrive/thesis/audio/A109.mp3,3,112.34714673913044,0.04454202577471733,0.4639786183834076,3.05096435546875,-22.2646484375,0.10430565476417542,0.028417334029712162,1748.6669831565637,2671.090048475289,3567.164038017932,22.02404504424555
/content/drive/MyDrive/thesis/audio/A165.mp3,3,123.046875,-0.2587009370326996,0.4625846743583679,1.6899734735488892,-30.527366638183594,0.09112279117107391,0.023874096883704735,1067.9324046310965,1763.2432550976678,1983.3639585872215,25.07377154088299
/content/drive/MyDrive/thesis/audio/A168.mp3,3,117.45383522727273,-3.75166392326355,0.42261165380477905,0.12037543952465057,-38.55991744995117,0.022410131990909576,0.03166052801474002,1422.1966223008174,2000.990711657481,2720.0014417217967,21.065085302465985
/content/drive/MyDrive/thesis/audio/A178.mp3,3,107.666015625,-5.013759136199951,0.4691644310951233,0.28518351912498474,-32.3495979309082,0.0337018221616745,0.03771802641887187,2051.0129533081376,2627.418760446265,4624.050435780815,22.77281453069945
/content/drive/MyDrive/thesis/audio/A179.mp3,3,114.84375,-1.2622246742248535,0.29687267541885376,4.600042343139648,-16.8079776763916,0.1446041762828827,0.05866674283310121,3070.2846592745336,3518.9537391238237,6936.040664715355,23.127526502812433
/content/drive/MyDrive/thesis/audio/A186.mp3,3,129.19921875,-0.882027268409729,0.29555124044418335,1.6964927911758423,-22.968708038330078,0.08961915224790573,0.04854567447191272,2204.9851638913706,2825.4903553106824,4380.1774133878835,24.125033593143186
/content/drive/MyDrive/thesis/audio/A190.mp3,3,112.34714673913044,-4.0157999992370605,0.322129487991333,4.981013298034668,-21.077011108398438,0.15088465809822083,0.039585010808379756,2068.7885766506815,2756.5603853608227,3954.111899373259,24.2458360552734
/content/drive/MyDrive/thesis/audio/A192.mp3,3,126.04801829268293,-2.4323084354400635,0.5049881935119629,1.4055794477462769,-23.749847412109375,0.07864906638860703,0.06665084399663417,2471.4680948460145,2691.981342061442,5213.974228542827,21.660252352050506
/content/drive/MyDrive/thesis/audio/A198.mp3,3,123.046875,-3.2440133094787598,0.3729017972946167,0.7334626317024231,-32.149600982666016,0.05965881049633026,0.03715584559250232,1341.648969793551,1600.9942075690474,2605.1576917217967,21.16866844594128
/content/drive/MyDrive/thesis/audio/A117.mp3,2,114.84375,0.7209654450416565,0.4314362704753876,3.2931106090545654,-23.63248062133789,0.12859909236431122,0.04461244885967967,1852.1338085629166,1992.9896520638883,4059.35867862117,26.56116519642284
/content/drive/MyDrive/thesis/audio/A126.mp3,2,117.45383522727273,-7.395576477050781,0.3515591621398926,0.07850199192762375,-36.47578430175781,0.018678536638617516,0.04225808996344011,1980.781915710999,2402.7508949812905,3962.9890973189417,25.032880437687403
/content/drive/MyDrive/thesis/audio/A130.mp3,2,143.5546875,-0.9874895811080933,0.5189478993415833,1.9645475149154663,-24.864919662475586,0.09208580106496811,0.02604733381209378,1626.1719792741324,2615.435828680754,3277.30553077124,21.443224832213083
/content/drive/MyDrive/thesis/audio/A143.mp3,2,109.95678191489361,-6.001561164855957,0.2541064918041229,1.9722249507904053,-29.090368270874023,0.09015839546918869,0.04053555212836215,1494.805257900975,1619.4742552963623,2859.1791246397693,29.816219529486585
/content/drive/MyDrive/thesis/audio/A157.mp3,2,132.51201923076923,-5.249438285827637,0.3326804041862488,1.5241997241973877,-26.640649795532227,0.08667174726724625,0.04376736413358867,1919.2208056189297,2210.627387825377,3965.0484472928274,26.991702323209115
/content/drive/MyDrive/thesis/audio/A003.mp3,2,112.34714673913044,-2.968414783477783,0.4473714530467987,0.6520972847938538,-31.317514419555664,0.05437314882874489,0.03825232488974002,1614.8014779722175,1933.574847856946,3266.3090017844706,25.803863031611872
/content/drive/MyDrive/thesis/audio/A004.mp3,2,101.33272058823529,-3.2955162525177,0.3835694491863251,1.2027846574783325,-28.195058822631836,0.07570399343967438,0.05081525287256267,1771.061701361738,1906.5151594977808,3463.646712874304,25.575054159032753
/content/drive/MyDrive/thesis/audio/A018.mp3,2,120.18531976744185,-2.807100296020508,0.2912120223045349,4.816690444946289,-26.51643180847168,0.14635102450847626,0.022654300501973073,926.0078387446412,1308.3054613848908,1505.2548719315807,24.857959526236915
/content/drive/MyDrive/thesis/audio/A029.mp3,2,161.4990234375,-0.6512373685836792,0.4674874246120453,1.8698638677597046,-27.836864471435547,0.0925629585981369,0.02338445551880223,1226.9037801125332,1879.6482677794925,2519.2548066460654,23.327251030443556
/content/drive/MyDrive/thesis/audio/A034.mp3,2,114.84375,1.603115439414978,0.5091455578804016,7.643808364868164,-20.94150161743164,0.19688951969146729,0.019225677518570104,1527.2938624639007,2335.4641993739233,3254.2728009662255,23.58712472640278
/content/drive/MyDrive/thesis/audio/A035.mp3,2,107.666015625,-5.354506492614746,0.5404605865478516,0.469149649143219,-31.704015731811523,0.04590868577361107,0.019578400649953576,1200.0769715589404,1913.2904838330933,2358.9554045525765,22.866173596856125
/content/drive/MyDrive/thesis/audio/A038.mp3,2,112.34714673913044,-1.4194554090499878,0.47957471013069153,0.8985188603401184,-29.25623893737793,0.06415466219186783,0.034861331751973076,1441.617436283075,1722.1273272235278,3136.0201269803274,20.628860195224288
/content/drive/MyDrive/thesis/audio/A045.mp3,2,151.99908088235293,-6.022381782531738,0.43568798899650574,0.32944822311401367,-34.88395690917969,0.03753511980175972,0.026507506020775302,1344.0509886810416,1859.0455770801564,2656.931349560411,23.050389421556414
/content/drive/MyDrive/thesis/audio/A048.mp3,2,93.96306818181819,-0.3245021402835846,0.44764623045921326,3.2867186069488525,-24.086374282836914,0.1241871640086174,0.033195190996402044,1445.7386271958383,2049.0554655037954,2770.7554214180013,23.283154282304466
/content/drive/MyDrive/thesis/audio/A060.mp3,2,129.19921875,-6.694347381591797,0.3219474256038666,0.38055095076560974,-31.593921661376953,0.03929299861192703,0.03636357866179202,1796.7749109067229,2562.423430430008,3247.9048109984333,22.918217687189273
/content/drive/MyDrive/thesis/audio/A061.mp3,2,129.19921875,-5.481223106384277,0.30743101239204407,3.410207748413086,-29.220518112182617,0.11803620308637619,0.018059152303853295,865.4954986306004,1214.971953182173,1499.3067494341922,26.235753989709156
/content/drive/MyDrive/thesis/audio/A071.mp3,2,95.703125,-0.42093244194984436,0.4366225302219391,3.5711796283721924,-26.774869918823242,0.13199327886104584,0.03412686970461931,1263.6851973557748,1434.2700594170772,2581.375198576776,25.72632661434059
/content/drive/MyDrive/thesis/audio/A073.mp3,2,112.34714673913044,-1.9432172775268555,0.5118618011474609,1.5485554933547974,-21.74356460571289,0.08550874143838882,0.0664413863016481,3043.5442317049715,3480.0814867030904,6922.694877263231,23.688106014211204
/content/drive/MyDrive/thesis/audio/A081.mp3,2,112.34714673913044,-5.58840274810791,0.42408323287963867,0.2707347273826599,-32.3287239074707,0.035010796040296555,0.03430119109795729,1929.6770667960832,2706.664236709377,4151.55957575296,23.476462687950455
/content/drive/MyDrive/thesis/audio/A083.mp3,2,143.5546875,-4.97468900680542,0.4339790344238281,0.6315518617630005,-28.941579818725586,0.056185606867074966,0.07335439697945682,2422.4035282122613,2233.7087695278037,4682.631944746692,23.600210012025336
/content/drive/MyDrive/thesis/audio/A084.mp3,2,161.4990234375,0.5666300058364868,0.43111979961395264,6.746008396148682,-17.086137771606445,0.16394028067588806,0.05310523299675023,2338.727155058571,2786.646156005116,5300.436936912431,24.70832124564831
/content/drive/MyDrive/thesis/audio/A085.mp3,2,123.046875,-7.22320556640625,0.24288992583751678,1.6610372066497803,-24.294858932495117,0.08548218011856079,0.039572089716805946,2303.2146646720016,2978.524589132403,4960.874118645544,24.39838556331808
/content/drive/MyDrive/thesis/audio/A096.mp3,2,135.99917763157896,-3.5732009410858154,0.28160056471824646,12.594914436340332,-17.124589920043945,0.2438310831785202,0.046815608315923865,1995.7718271342146,2234.9742509488187,4056.709514819812,25.29550666928025
/content/drive/MyDrive/thesis/audio/A097.mp3,2,129.19921875,-1.4101070165634155,0.4217681884765625,1.6308104991912842,-27.783788681030273,0.08614116162061691,0.030059672774489322,1513.1882601987952,2286.2369130095076,2967.123438588092,23.164618841062648
/content/drive/MyDrive/thesis/audio/A106.mp3,2,135.99917763157896,0.0490354523062706,0.4267122149467468,2.4446487426757812,-26.016883850097656,0.10457778722047806,0.023577138463324047,1263.120276762386,2043.8258677039878,2339.341595577994,23.101382734155283
/content/drive/MyDrive/thesis/audio/A171.mp3,2,129.19921875,-7.6895294189453125,0.3733059763908386,0.39628082513809204,-36.179656982421875,0.03800933063030243,0.020395603020543177,1046.98604831257,1682.3003505762388,1837.3200567983984,23.88367223085576
/content/drive/MyDrive/thesis/audio/A188.mp3,2,132.51201923076923,-4.202699184417725,0.267996221780777,1.7370699644088745,-29.149580001831055,0.07633163034915924,0.028002725670264624,1075.006419473769,1353.8242141098822,1885.2149389580431,22.895160705697375
/content/drive/MyDrive/thesis/audio/A191.mp3,2,126.04801829268293,-4.24349308013916,0.260012686252594,2.3748271465301514,-22.511280059814453,0.10971042513847351,0.07821136729630919,2943.2816481490095,2877.3821154931766,6272.969960502263,25.215149914632658
/content/drive/MyDrive/thesis/audio/A116.mp3,1,129.19921875,-1.632765769958496,0.5375251770019531,0.8004975914955139,-24.469884872436523,0.06196555867791176,0.0762289998259053,2543.887676928937,2388.9649987218168,4883.978390494429,21.233031579629905
/content/drive/MyDrive/thesis/audio/A127.mp3,1,114.84375,2.647179126739502,0.5290349721908569,8.64299488067627,-5.508764266967773,0.24282799661159515,0.13737795235608172,4448.010031695911,3692.4508299546555,8737.651992840356,20.583965369636072
/content/drive/MyDrive/thesis/audio/A131.mp3,1,92.28515625,1.4884202480316162,0.49984580278396606,15.84542179107666,-15.430182456970215,0.24688969552516937,0.0388256133211467,2033.1292605541605,2493.839685931736,4180.570418588963,22.071240587798854
/content/drive/MyDrive/thesis/audio/A136.mp3,1,103.359375,1.621523141860962,0.6944025754928589,6.787962436676025,-16.8852481842041,0.19699932634830475,0.08514409964020427,2647.4972732511783,2169.449689427481,5160.291173398328,22.909039266806968
/content/drive/MyDrive/thesis/audio/A140.mp3,1,107.666015625,3.4971649646759033,0.47046956419944763,16.447954177856445,-9.772087097167969,0.3085082471370697,0.06533674631499536,2654.2174334872866,2937.928020460902,5337.475245908774,20.54194873115596
/content/drive/MyDrive/thesis/audio/A142.mp3,1,143.5546875,2.3953957557678223,0.5106579065322876,14.249255180358887,-7.762219429016113,0.2762426435947418,0.06352099292014857,3106.777995053134,3565.6603444841458,6719.878895369081,20.752205410358098
/content/drive/MyDrive/thesis/audio/A147.mp3,1,129.19921875,2.669456958770752,0.5108387470245361,26.293533325195312,-7.03073263168335,0.3902624845504761,0.07022794619022749,2626.993850531631,2797.7993019241917,5280.6331878917135,19.466362655014247
/content/drive/MyDrive/thesis/audio/A150.mp3,1,114.84375,-7.421231269836426,0.4659923017024994,0.12318352609872818,-30.775917053222656,0.02378663793206215,0.09515250515030177,2997.333514060707,2706.4698955685053,5572.671007246692,20.32431477736171
/content/drive/MyDrive/thesis/audio/A151.mp3,1,117.45383522727273,-4.845735549926758,0.3559616506099701,0.7530674338340759,-22.428964614868164,0.05883254110813141,0.10150968220461931,3666.528820259975,3174.1689733774533,7069.868422484332,24.758300129216124
/content/drive/MyDrive/thesis/audio/A159.mp3,1,120.18531976744185,0.6720528602600098,0.4829310476779938,11.92696475982666,-12.568443298339844,0.23033931851387024,0.07318574273154596,2678.6358446900454,2734.059304656205,5594.464128329561,21.062283366324465
/content/drive/MyDrive/thesis/audio/A010.mp3,1,107.666015625,3.213724136352539,0.5526129007339478,13.075117111206055,-12.026084899902344,0.26762256026268005,0.0742232837163417,2815.4274318507687,2664.5897657102346,5830.719555188022,22.33024319616119
/content/drive/MyDrive/thesis/audio/A013.mp3,1,132.51201923076923,1.5766241550445557,0.4197656512260437,8.533416748046875,-15.848880767822266,0.21187672019004822,0.06443000304665739,2603.1940018248315,2698.0110153931105,5783.604426901985,23.656278319622345
/content/drive/MyDrive/thesis/audio/A020.mp3,1,101.33272058823529,-0.3225692808628082,0.3660550117492676,8.00097942352295,-13.312684059143066,0.2153225690126419,0.09148722217386258,3042.408916515212,2789.737599353811,6283.336688283426,24.042759144381257
/content/drive/MyDrive/thesis/audio/A023.mp3,1,132.51201923076923,1.517181634902954,0.5891860127449036,15.443904876708984,-11.580645561218262,0.30104368925094604,0.10019739800951717,3192.951194867816,2567.791947838303,6080.780624347145,22.13052497783477
/content/drive/MyDrive/thesis/audio/A025.mp3,1,129.19921875,2.2472469806671143,0.5497719049453735,12.258654594421387,-14.268383026123047,0.22643153369426727,0.04373018765958681,2623.1980725237795,3260.600555642503,6108.072009923399,21.64362652631884
/content/drive/MyDrive/thesis/audio/A028.mp3,1,126.04801829268293,3.1914596557617188,0.5726090669631958,12.768113136291504,-11.627273559570312,0.2807481288909912,0.09774375072539461,3037.803926270534,2514.795031442109,5843.9553773502785,22.37489685054304
/content/drive/MyDrive/thesis/audio/A049.mp3,1,129.19921875,0.10007953643798828,0.47755566239356995,4.952055931091309,-17.744369506835938,0.16669295728206635,0.07306355907613742,2421.8998404065533,2284.958867300921,4728.907338091922,21.875061782897305
/content/drive/MyDrive/thesis/audio/A051.mp3,1,151.99908088235293,1.5024874210357666,0.5966459512710571,9.861433029174805,-18.882539749145508,0.23517894744873047,0.06059130542014856,2081.6484034912473,1949.669381749703,4261.314931885446,23.299305187420575
/content/drive/MyDrive/thesis/audio/A052.mp3,1,120.18531976744185,-1.4013105630874634,0.5601300597190857,3.1356871128082275,-22.195995330810547,0.13694271445274353,0.07169233656859332,2208.8098358475713,1949.10608612355,4073.7341410602367,25.219165185602026
/content/drive/MyDrive/thesis/audio/A055.mp3,1,120.18531976744185,-1.1815822124481201,0.43324023485183716,3.956815481185913,-16.18289566040039,0.15959499776363373,0.11248331592386258,3371.145724385031,2685.2525853016173,6566.947167696727,23.934311750599488
/content/drive/MyDrive/thesis/audio/A062.mp3,1,135.99917763157896,0.6950291395187378,0.5027859210968018,6.672829627990723,-14.754779815673828,0.2006753534078598,0.08211943078284586,2782.2522606251255,2573.50315231889,5381.561330301184,20.843781236354417
/content/drive/MyDrive/thesis/audio/A068.mp3,1,120.18531976744185,3.595343828201294,0.546109139919281,18.842449188232422,-9.550753593444824,0.32645484805107117,0.08642986159470752,3169.7226441760067,2953.0535433741,6814.439047810759,21.931786774357857
/content/drive/MyDrive/thesis/audio/A074.mp3,1,109.95678191489361,2.064710855484009,0.6199406385421753,8.9971923828125,-10.311792373657227,0.22790631651878357,0.07833037735027855,2958.2743493195544,2936.127375269416,5919.581506245648,19.444121616798604
/content/drive/MyDrive/thesis/audio/A080.mp3,1,126.04801829268293,2.372833251953125,0.5528050661087036,9.136059761047363,-12.92626953125,0.2327694296836853,0.08199747381325441,2977.2357788422114,2794.7320308997428,6220.276592966574,20.15431644996116
/content/drive/MyDrive/thesis/audio/A082.mp3,1,129.19921875,3.3081488609313965,0.599456250667572,14.876219749450684,-11.340812683105469,0.27503830194473267,0.05891020340064995,2602.37481122362,2712.5470421412183,5614.167908904944,21.27984982259706
/content/drive/MyDrive/thesis/audio/A087.mp3,1,114.84375,-0.7393999099731445,0.4961555302143097,2.4052999019622803,-13.217761993408203,0.11558735370635986,0.1273756673630455,4521.608165235256,3913.462244256456,9296.07572847754,21.80376049487305
/content/drive/MyDrive/thesis/audio/A090.mp3,1,95.703125,1.3184560537338257,0.48812633752822876,6.446537017822266,-14.598583221435547,0.16162154078483582,0.06078285493558496,2658.9870731833807,2988.1823251243186,5645.438038605502,20.903104674612038
/content/drive/MyDrive/thesis/audio/A091.mp3,1,112.34714673913044,0.40702348947525024,0.5114253163337708,8.014473915100098,-12.292252540588379,0.20976708829402924,0.07814676183844012,2857.3182010570204,2854.925542856232,5775.4869891408425,20.63110275470609
/content/drive/MyDrive/thesis/audio/A103.mp3,1,135.99917763157896,-0.541456401348114,0.5342045426368713,0.5951160788536072,-24.299957275390625,0.05553723871707916,0.059164544887418756,2787.604415436149,3119.6053637804985,6285.995848929318,21.278583575985845
/content/drive/MyDrive/thesis/audio/A172.mp3,1,143.5546875,-0.25344017148017883,0.503345787525177,1.4276647567749023,-21.404294967651367,0.09257794916629791,0.08469503503655988,2772.1217100128374,2608.6961143185645,5743.277156054143,20.770447181996722
/content/drive/MyDrive/thesis/audio/A174.mp3,1,114.84375,-1.0837846994400024,0.5354800820350647,0.27565237879753113,-25.851442337036133,0.03846325725317001,0.07344257776230269,3210.145331005205,3320.9007427642155,6622.619594903377,21.539385818518845
/content/drive/MyDrive/thesis/audio/A176.mp3,1,103.359375,2.4317233562469482,0.6171421408653259,6.956436634063721,-9.19608211517334,0.19664904475212097,0.09856435338324049,3783.9326364924514,3583.2770711183157,7863.887793240773,20.576599450645972
/content/drive/MyDrive/thesis/audio/A177.mp3,1,120.18531976744185,1.0700923204421997,0.5534670352935791,5.787126541137695,-25.9352970123291,0.18221917748451233,0.05532131354456825,1534.709121783398,1283.9335169493866,3036.2616153812673,19.93511977215646
/content/drive/MyDrive/thesis/audio/A182.mp3,1,172.265625,3.726290225982666,0.5584044456481934,18.529605865478516,-11.535419464111328,0.2979464828968048,0.060778547905060355,2634.3094559909364,2815.9043273445777,5239.466182103064,21.72697502132324
/content/drive/MyDrive/thesis/audio/A183.mp3,1,161.4990234375,0.3569759428501129,0.5901646018028259,2.8063032627105713,-15.365141868591309,0.13207466900348663,0.11712448134285051,3582.502317125195,3031.1477252198088,7245.063122932625,20.10853860318571
/content/drive/MyDrive/thesis/audio/A193.mp3,1,109.95678191489361,-1.1631698608398438,0.40289124846458435,1.9931210279464722,-22.806184768676758,0.09261500090360641,0.06253649641655061,2315.0496440284383,2491.7503365932307,4727.4677924791085,22.958082311038897
/content/drive/MyDrive/thesis/audio/A194.mp3,1,117.45383522727273,3.2245354652404785,0.5952684879302979,11.137078285217285,-9.025364875793457,0.24428431689739227,0.07916707470113742,3382.8634078782916,3507.6451448865414,7197.92800095752,20.490695095070503
/content/drive/MyDrive/thesis/audio/A114.mp3,0,109.95678191489361,-1.3400423526763916,0.47796180844306946,1.6013189554214478,-19.86109161376953,0.08364658802747726,0.08747080286675951,3300.4644380350437,3372.178737599317,7200.737114271414,21.714060315233255
/content/drive/MyDrive/thesis/audio/A115.mp3,0,117.45383522727273,-3.9442691802978516,0.44669580459594727,0.23078221082687378,-30.73387336730957,0.035936325788497925,0.08436838077414113,2606.1863617235804,2319.435773087252,5151.873830301184,23.86943225245061
/content/drive/MyDrive/thesis/audio/A128.mp3,0,97.50884433962264,4.526422500610352,0.47192323207855225,24.54393196105957,-9.67044448852539,0.3685171604156494,0.08317102628830084,2979.047298540441,2707.8497947652086,6147.469574229631,22.611873221761044
/content/drive/MyDrive/thesis/audio/A132.mp3,0,107.666015625,2.252102851867676,0.5230826139450073,6.8884382247924805,-10.031424522399902,0.19762621819972992,0.093361007137883,3591.1146830939597,3606.945497824542,7910.553063522806,20.713613181646163
/content/drive/MyDrive/thesis/audio/A146.mp3,0,126.04801829268293,0.7061635255813599,0.38142481446266174,11.324905395507812,-15.509316444396973,0.2680870592594147,0.0775344834464949,2387.6322996341273,2063.2500701240256,4602.227324164345,23.061141819325243
/content/drive/MyDrive/thesis/audio/A148.mp3,0,129.19921875,-0.18654432892799377,0.4173925518989563,1.5867457389831543,-25.81607437133789,0.0955730751156807,0.08586790745415505,2506.2679817325643,2111.575049840744,5140.287487486943,22.791160899385055
/content/drive/MyDrive/thesis/audio/A152.mp3,0,120.18531976744185,0.4144255518913269,0.4740639626979828,1.7095338106155396,-17.108564376831055,0.10081559419631958,0.096695782193013,3241.6373698744715,2966.4411307722303,6454.312720338614,21.147542374864766
/content/drive/MyDrive/thesis/audio/A153.mp3,0,132.51201923076923,1.3630335330963135,0.43614792823791504,10.305709838867188,-12.853730201721191,0.23536202311515808,0.07133530640668524,2567.1440564186337,2582.8155683053787,5407.883021957695,22.631090558382102
/content/drive/MyDrive/thesis/audio/A160.mp3,0,129.19921875,-0.04275014251470566,0.4499293863773346,4.851832389831543,-20.530664443969727,0.1385592371225357,0.04778854384285051,1907.0728075650707,2143.9730146478632,4003.6862514145196,24.02280792984179
/content/drive/MyDrive/thesis/audio/A005.mp3,0,123.046875,-2.4396724700927734,0.46100690960884094,0.89582359790802,-23.05641746520996,0.06327664107084274,0.07312952464890901,2676.247666875267,2581.614850180457,5739.968200513579,21.993861204478563
/content/drive/MyDrive/thesis/audio/A011.mp3,0,135.99917763157896,-0.11664438247680664,0.4077722430229187,5.874845027923584,-18.345531463623047,0.1738652139902115,0.050611008951369545,2181.923633165106,2471.0571558434626,4613.3138247519155,23.824265066184864
/content/drive/MyDrive/thesis/audio/A014.mp3,0,117.45383522727273,2.0097575187683105,0.5686856508255005,6.2473931312561035,-9.144956588745117,0.17635512351989746,0.11126986674500929,4262.736064852424,4112.058804305699,9154.200510859157,20.350051929620985
/content/drive/MyDrive/thesis/audio/A019.mp3,0,117.45383522727273,-0.21604213118553162,0.45782577991485596,3.770009756088257,-18.91162872314453,0.13930055499076843,0.05539203951949861,2331.9617883058,2535.349324329183,4946.56863411821,22.2001998545126
/content/drive/MyDrive/thesis/audio/A022.mp3,0,120.18531976744185,0.5446153283119202,0.509417712688446,11.567704200744629,-15.403450012207031,0.24444076418876648,0.054262464092966575,2261.3096827149234,2269.220268940641,4797.225773633357,23.26998409320989
/content/drive/MyDrive/thesis/audio/A024.mp3,0,99.38401442307692,1.8827059268951416,0.5762354135513306,8.030952453613281,-15.278219223022461,0.1982998251914978,0.04795878489148096,2244.0840892609936,2635.720815671212,5181.24455954039,21.49649092164556
/content/drive/MyDrive/thesis/audio/A039.mp3,0,101.33272058823529,0.3183840215206146,0.4151581823825836,5.162989616394043,-14.58816146850586,0.16271860897541046,0.08373796751682916,2936.086349338278,2872.76293652407,6281.547253111943,22.914703959494165
/content/drive/MyDrive/thesis/audio/A042.mp3,0,147.65625,-0.5391597747802734,0.4017590582370758,5.318557262420654,-22.69352149963379,0.164946511387825,0.04178340986246518,1458.9260608764291,1603.969540445024,2881.180566134227,23.534751615462216
/content/drive/MyDrive/thesis/audio/A043.mp3,0,92.28515625,-0.7005246877670288,0.46007296442985535,6.842741012573242,-19.965606689453125,0.15976907312870026,0.04150163939182915,1701.4633122376217,1963.8792064816425,3651.527409035515,25.94320203578528
/content/drive/MyDrive/thesis/audio/A047.mp3,0,99.38401442307692,-0.8372726440429688,0.46241334080696106,1.5452356338500977,-19.032575607299805,0.08175772428512573,0.08679051872968895,3589.657981068828,3696.018431124842,7983.48004439415,22.00243054318691
/content/drive/MyDrive/thesis/audio/A050.mp3,0,107.666015625,2.474644660949707,0.47183525562286377,12.342672348022461,-15.097143173217773,0.2405828833580017,0.041804945015088205,2168.658129246118,2678.7835908725033,4924.935462547876,22.38454691404563
/content/drive/MyDrive/thesis/audio/A064.mp3,0,109.95678191489361,-0.22500428557395935,0.4551383852958679,4.3188371658325195,-20.56953239440918,0.13142985105514526,0.03601108221622563,1615.4519609060237,2062.301121352336,3613.9792609679666,22.8299409497719
/content/drive/MyDrive/thesis/audio/A077.mp3,0,126.04801829268293,2.7546920776367188,0.5098201632499695,10.795021057128906,-17.470611572265625,0.22967517375946045,0.06415095280582638,2294.185835421259,2227.3570331964966,5036.480253851845,24.904745513909216
/content/drive/MyDrive/thesis/audio/A086.mp3,0,112.34714673913044,0.7123152017593384,0.5905706286430359,3.1884469985961914,-18.985637664794922,0.12534880638122559,0.10481000101555246,3663.758095272408,3051.293551310982,7378.890880701601,23.04926093768353
/content/drive/MyDrive/thesis/audio/A092.mp3,0,156.60511363636363,-1.8136790990829468,0.43359899520874023,1.9170082807540894,-25.461383819580078,0.09566085785627365,0.054148441126973076,1746.6367281161217,1602.4903695016944,3348.2831269585654,24.90638955493821
/content/drive/MyDrive/thesis/audio/A094.mp3,0,112.34714673913044,-2.3701508045196533,0.5190333724021912,1.116071105003357,-23.71149253845215,0.06347262114286423,0.07272693063776695,2507.270710288446,2487.139522629107,5126.551823098015,22.62911620940184
/content/drive/MyDrive/thesis/audio/A095.mp3,0,161.4990234375,0.8495887517929077,0.44629085063934326,8.040653228759766,-12.029297828674316,0.19550861418247223,0.06992917428331012,3471.9263794694057,3965.7227032037563,8213.48744341922,22.12843737075337
/content/drive/MyDrive/thesis/audio/A100.mp3,0,109.95678191489361,0.33416444063186646,0.5021291971206665,2.728973627090454,-21.085037231445312,0.1293262243270874,0.11229471332404828,2979.175573221817,2300.9544983679507,5812.595276048921,24.173333741700606
/content/drive/MyDrive/thesis/audio/A101.mp3,0,139.6748310810811,-1.0751804113388062,0.3578367829322815,2.857288360595703,-18.785226821899414,0.1107264831662178,0.04976592422527855,2574.5718330831796,3232.460473738736,5631.9323016408425,22.18002960345555
/content/drive/MyDrive/thesis/audio/A102.mp3,0,117.45383522727273,-0.8341687917709351,0.4431247115135193,2.0796594619750977,-13.815248489379883,0.10498260706663132,0.13229225604979108,4209.773906526933,3586.745910747437,8441.245552424269,22.195398670970437
/content/drive/MyDrive/thesis/audio/A104.mp3,0,135.99917763157896,1.3103874921798706,0.47923317551612854,6.90531063079834,-16.446203231811523,0.19838052988052368,0.07129064930071959,2560.176980893436,2601.96286474082,5460.79632007312,22.512433408187263
/content/drive/MyDrive/thesis/audio/A105.mp3,0,112.34714673913044,-3.087796688079834,0.49371883273124695,2.312102794647217,-20.85615348815918,0.08322908729314804,0.09264513332753017,3275.619668881197,2879.6178058456394,6698.525635445682,22.856209758540874
/content/drive/MyDrive/thesis/audio/A107.mp3,0,114.84375,-0.5583928823471069,0.5335807204246521,1.775024652481079,-21.020158767700195,0.09443496912717819,0.08867881158600278,3029.6166973951104,2736.3444615047124,6229.853570029596,22.691273434711754
/content/drive/MyDrive/thesis/audio/A162.mp3,0,90.66611842105263,-2.8461971282958984,0.4352090656757355,0.17775771021842957,-26.26789093017578,0.031128892675042152,0.0978858827327066,3782.966141266462,3670.562727594472,8162.383574164345,22.481294994188953
/content/drive/MyDrive/thesis/audio/A166.mp3,0,80.74951171875,2.1620166301727295,0.46864354610443115,10.236821174621582,-10.791988372802734,0.2292620986700058,0.07224318310410864,3010.434328141656,3184.486405984358,6266.412030488335,21.175568064245915
/content/drive/MyDrive/thesis/audio/A167.mp3,0,126.04801829268293,1.0405378341674805,0.46578559279441833,7.220613479614258,-14.992433547973633,0.19383694231510162,0.053461356415389974,2536.910734584346,2790.2801899223055,5402.1748237291085,22.276497504858945
/content/drive/MyDrive/thesis/audio/A187.mp3,0,112.34714673913044,2.420409917831421,0.5831264853477478,13.082534790039062,-11.4057035446167,0.24500809609889984,0.059324358388463325,2594.5366637641314,3017.1893384686723,5269.486706236943,21.1828457818301
/content/drive/MyDrive/thesis/audio/A196.mp3,0,126.04801829268293,0.7891857028007507,0.5230093598365784,2.825101852416992,-16.811386108398438,0.13720442354679108,0.10142082136432219,2974.1061134727374,2572.6492091194414,5363.966883922354,21.03414105748592
